,Area,BHK,Bathroom,Furnishing,Locality,Price
0,1500.0,3,3.0,Unfurnished,Alaknanda,26500000
1,1400.0,3,2.0,Unfurnished,Alaknanda,19000000
2,1100.0,2,2.0,Unfurnished,Alaknanda,15000000
3,1200.0,2,2.0,Semi-Furnished,Alaknanda,17500000
4,1400.0,2,2.0,Semi-Furnished,Alaknanda,14000000
5,1320.0,3,2.0,Unfurnished,Alaknanda,15600000
6,1440.0,3,3.0,Unfurnished,Alaknanda,19000000
7,1400.0,3,3.0,Semi-Furnished,Alaknanda,19000000
8,1500.0,3,3.0,Unfurnished,Alaknanda,26500000
9,1400.0,3,2.0,Unfurnished,Alaknanda,19000000
10,1100.0,2,2.0,Unfurnished,Alaknanda,15000000
11,1200.0,2,2.0,Semi-Furnished,Alaknanda,17500000
12,1400.0,2,2.0,Semi-Furnished,Alaknanda,14000000
13,1320.0,3,2.0,Unfurnished,Alaknanda,15600000
14,1440.0,3,3.0,Unfurnished,Alaknanda,19000000
15,1400.0,3,3.0,Semi-Furnished,Alaknanda,19000000
16,950.0,3,2.0,Semi-Furnished,Chhattarpur,7090000
17,950.0,3,2.0,Semi-Furnished,Chhattarpur,6990000
18,800.0,2,2.0,Semi-Furnished,Chhattarpur,4400000
19,800.0,2,2.0,Semi-Furnished,Chhattarpur,3000000
20,675.0,2,2.0,Semi-Furnished,Chhattarpur,2800000
21,1500.0,3,3.0,Unfurnished,Chhattarpur,6000000
22,810.0,2,2.0,Unfurnished,Chhattarpur,4500000
23,650.0,2,2.0,Semi-Furnished,Chhattarpur,2500000
24,725.0,2,2.0,Furnished,Chhattarpur,3000000
25,900.0,3,2.0,Semi-Furnished,Chhattarpur,4900000
26,750.0,2,2.0,Unfurnished,Chhattarpur,3500000
27,950.0,3,2.0,Semi-Furnished,Chhattarpur,7020000
28,900.0,2,2.0,Semi-Furnished,Chhattarpur,3500000
29,1500.0,3,3.0,Semi-Furnished,Chhattarpur,7000000
30,1300.0,3,3.0,Semi-Furnished,Chhattarpur,4400000
31,765.0,2,2.0,Unfurnished,Chhattarpur,2500000
32,2097.0,3,3.0,Unfurnished,Chittaranjan Park,29000000
33,1600.0,3,3.0,Semi-Furnished,Chittaranjan Park,33500000
34,1116.0,3,3.0,Semi-Furnished,Chittaranjan Park,14700000
35,1070.0,2,3.0,Semi-Furnished,Chittaranjan Park,18000000
36,1200.0,3,3.0,Semi-Furnished,Chittaranjan Park,22500000
37,1200.0,3,3.0,Unfurnished,Chittaranjan Park,22000000
38,1450.0,3,3.0,Semi-Furnished,Chittaranjan Park,22500000
39,1650.0,3,3.0,Unfurnished,Chittaranjan Park,35000000
40,1440.0,3,3.0,Semi-Furnished,Chittaranjan Park,22500000
41,1900.0,3,4.0,Semi-Furnished,Chittaranjan Park,28500000
42,1800.0,3,3.0,Semi-Furnished,Chittaranjan Park,29000000
43,1200.0,3,2.0,Semi-Furnished,Chittaranjan Park,15500000
44,1200.0,3,3.0,Semi-Furnished,Chittaranjan Park,16500000
45,4118.0,4,5.0,Unfurnished,Chittaranjan Park,55000000
46,1050.0,3,2.0,Semi-Furnished,Chittaranjan Park,12500000
47,3405.0,5,5.0,Semi-Furnished,"Common Wealth Games Village, Commonwealth Games Village 2010",70000000
48,2105.0,3,3.0,Unfurnished,"Common Wealth Games Village, Commonwealth Games Village 2010",42100000
49,2090.0,3,4.0,Semi-Furnished,"Common Wealth Games Village, Commonwealth Games Village 2010",44000000
50,1850.0,3,3.0,Unfurnished,"Common Wealth Games Village, Commonwealth Games Village 2010",37500000
51,2065.0,3,4.0,Semi-Furnished,"Common Wealth Games Village, Commonwealth Games Village 2010",42500000
52,3405.0,5,4.0,Semi-Furnished,"Common Wealth Games Village, Commonwealth Games Village 2010",71500000
53,3050.0,5,5.0,Semi-Furnished,"Common Wealth Games Village, Commonwealth Games Village 2010",65000000
54,3100.0,5,5.0,Semi-Furnished,"Common Wealth Games Village, Commonwealth Games Village 2010",65000000
55,1400.0,2,3.0,Unfurnished,"Common Wealth Games Village, Commonwealth Games Village 2010",28600000
56,2126.0,3,3.0,Semi-Furnished,"Common Wealth Games Village, Commonwealth Games Village 2010",39000000
57,1250.0,3,2.0,Semi-Furnished,"DDA Flats Sarita Vihar, Sarita Vihar, Mathura Road",16000000
58,1200.0,3,3.0,Furnished,"DDA Flats Sarita Vihar, Sarita Vihar, Mathura Road",13500000
59,1400.0,4,2.0,Furnished,"DDA Flats Sarita Vihar, Sarita Vihar, Mathura Road",17800000
60,1550.0,4,2.0,Furnished,"DDA Flats Sarita Vihar, Sarita Vihar, Mathura Road",17500000
61,1300.0,3,2.0,Semi-Furnished,"DDA Flats Sarita Vihar, Sarita Vihar, Mathura Road",17000000
62,1200.0,3,2.0,Furnished,"DDA Flats Sarita Vihar, Sarita Vihar, Mathura Road",13500000
63,1400.0,4,2.0,Furnished,"DDA Flats Sarita Vihar, Sarita Vihar, Mathura Road",17400000
64,1500.0,4,2.0,Furnished,"DDA Flats Sarita Vihar, Sarita Vihar, Mathura Road",17800000
65,1050.0,2,2.0,Furnished,"DDA Flats Sarita Vihar, Sarita Vihar, Mathura Road",12700000
66,950.0,2,2.0,Furnished,"DDA Flats Sarita Vihar, Sarita Vihar, Mathura Road",11100000
67,1150.0,2,2.0,Furnished,"DDA Flats Sarita Vihar, Sarita Vihar, Mathura Road",13600000
68,1150.0,2,2.0,Furnished,"DDA Flats Sarita Vihar, Sarita Vihar, Mathura Road",12500000
69,3002.0,4,5.0,Semi-Furnished,"DLF Capital Greens, New Moti Nagar, Kirti Nagar",50000000
70,1250.0,2,2.0,Furnished,"DLF Capital Greens, New Moti Nagar, Kirti Nagar",15000000
71,2800.0,4,4.0,Unfurnished,"DLF Capital Greens, New Moti Nagar, Kirti Nagar",40000000
72,1646.0,3,3.0,Unfurnished,"DLF Capital Greens, New Moti Nagar, Kirti Nagar",20000000
73,1250.0,3,2.0,Semi-Furnished,"DLF Capital Greens, New Moti Nagar, Kirti Nagar",16000000
74,1590.0,3,2.0,Unfurnished,"DLF Capital Greens, New Moti Nagar, Kirti Nagar",25000000
75,2282.0,4,5.0,Unfurnished,"DLF Capital Greens, New Moti Nagar, Kirti Nagar",37500000
76,2800.0,4,5.0,Semi-Furnished,"DLF Capital Greens, New Moti Nagar, Kirti Nagar",42500000
77,2282.0,4,5.0,Unfurnished,"DLF Capital Greens, New Moti Nagar, Kirti Nagar",38000000
78,450.0,1,1.0,Unfurnished,"Dilshad Colony, Dilshad Garden",3300000
79,400.0,1,1.0,Semi-Furnished,"Dilshad Colony, Dilshad Garden",3500000
80,650.0,2,2.0,Unfurnished,"Dilshad Colony, Dilshad Garden",6500000
81,900.0,2,2.0,Furnished,"Dilshad Colony, Dilshad Garden",6900000
82,400.0,1,1.0,Unfurnished,"Dilshad Colony, Dilshad Garden",3600000
83,405.0,1,1.0,Unfurnished,"Dilshad Colony, Dilshad Garden",2500000
84,1076.39,3,2.0,Unfurnished,"Dilshad Colony, Dilshad Garden",9300000
85,370.0,1,1.0,Unfurnished,"Dilshad Colony, Dilshad Garden",2400000
86,1800.0,3,3.0,Semi-Furnished,"Dilshad Colony, Dilshad Garden",15000000
87,800.0,2,2.0,Semi-Furnished,"Dilshad Colony, Dilshad Garden",7500000
88,800.0,2,2.0,Unfurnished,"Dilshad Colony, Dilshad Garden",6000000
89,1000.0,2,2.0,Semi-Furnished,"Dilshad Colony, Dilshad Garden",6700000
90,2520.0,3,3.0,Unfurnished,Hauz Khas,47500000
91,1700.0,3,4.0,Unfurnished,Hauz Khas,45000000
92,1800.0,3,3.0,Semi-Furnished,Hauz Khas,43500000
93,2066.0,4,4.0,Unfurnished,Hauz Khas,60000000
94,1750.0,3,3.0,Unfurnished,Hauz Khas,35000000
95,1500.0,3,4.0,Unfurnished,Hauz Khas,45000000
96,1800.0,3,4.0,Semi-Furnished,Hauz Khas,47000000
97,2800.0,4,5.0,Semi-Furnished,Hauz Khas,70000000
98,750.0,2,2.0,Semi-Furnished,"J R Designers Floors, Rohini Sector 24",5000000
99,750.0,2,2.0,Semi-Furnished,"J R Designers Floors, Rohini Sector 24",5000000
100,720.0,2,2.0,Semi-Furnished,"J R Designers Floors, Rohini Sector 24",4700000
101,800.0,2,2.0,Semi-Furnished,"J R Designers Floors, Rohini Sector 24",5500000
102,980.0,3,2.0,Semi-Furnished,"J R Designers Floors, Rohini Sector 24",7300000
103,1600.0,4,3.0,Semi-Furnished,"J R Designers Floors, Rohini Sector 24",13000000
104,1450.0,3,3.0,Semi-Furnished,"J R Designers Floors, Rohini Sector 24",11500000
105,680.0,2,2.0,Semi-Furnished,"J R Designers Floors, Rohini Sector 24",4400000
106,1600.0,3,3.0,Semi-Furnished,"J R Designers Floors, Rohini Sector 24",13500000
107,630.0,2,2.0,Semi-Furnished,"J R Designers Floors, Rohini Sector 24",4100000
108,1500.0,3,2.0,Semi-Furnished,"J R Designers Floors, Rohini Sector 24",12000000
109,2500.0,4,3.0,Semi-Furnished,"J R Designers Floors, Rohini Sector 24",15000000
110,2800.0,5,4.0,Semi-Furnished,"J R Designers Floors, Rohini Sector 24",17500000
111,300.0,1,1.0,Semi-Furnished,"J R Designers Floors, Rohini Sector 24",1900000
112,1295.0,3,2.0,Semi-Furnished,"J R Designers Floors, Rohini Sector 24",10000000
113,350.0,1,1.0,Semi-Furnished,"J R Designers Floors, Rohini Sector 24",2400000
114,750.0,2,2.0,Semi-Furnished,"J R Designers Floors, Rohini Sector 24",5000000
115,750.0,2,2.0,Semi-Furnished,"J R Designers Floors, Rohini Sector 24",5000000
116,2799.0,4,4.0,Semi-Furnished,"Kailash Colony, Greater Kailash",65000000
117,2200.0,4,4.0,Semi-Furnished,"Kailash Colony, Greater Kailash",47500000
118,3500.0,5,5.0,Semi-Furnished,"Kailash Colony, Greater Kailash",70000000
119,2200.0,4,4.0,Semi-Furnished,"Kailash Colony, Greater Kailash",47500000
120,2200.0,4,4.0,Semi-Furnished,"Kailash Colony, Greater Kailash",40000000
121,1440.0,3,3.0,Semi-Furnished,"Kailash Colony, Greater Kailash",26000000
122,900.0,2,2.0,Semi-Furnished,"Kailash Colony, Greater Kailash",20000000
123,3690.0,4,5.0,Semi-Furnished,"Kailash Colony, Greater Kailash",79000000
124,2799.0,4,4.0,Semi-Furnished,"Kailash Colony, Greater Kailash",43000000
125,1350.0,3,3.0,Unfurnished,"Kailash Colony, Greater Kailash",26000000
126,1200.0,3,3.0,Unfurnished,"Kailash Colony, Greater Kailash",25000000
127,2177.0,4,5.0,Semi-Furnished,"Kailash Colony, Greater Kailash",51000000
128,4500.0,4,4.0,Semi-Furnished,"Kailash Colony, Greater Kailash",70000000
129,2150.0,4,4.0,Unfurnished,"Kailash Colony, Greater Kailash",45000000
130,1150.0,3,3.0,Semi-Furnished,"Kailash Colony, Greater Kailash",25500000
131,1240.0,3,3.0,Unfurnished,"Kailash Colony, Greater Kailash",26500000
132,1150.0,3,3.0,Semi-Furnished,"Kailash Colony, Greater Kailash",26000000
133,2000.0,4,4.0,Semi-Furnished,"Kailash Colony, Greater Kailash",38000000
134,4500.0,4,5.0,Semi-Furnished,"Kailash Colony, Greater Kailash",72500000
135,3000.0,4,5.0,Semi-Furnished,"Kailash Colony, Greater Kailash",65000000
136,1710.0,3,3.0,Semi-Furnished,Lajpat Nagar 2,26000000
137,1500.0,3,3.0,Semi-Furnished,Lajpat Nagar 2,26000000
138,900.0,2,2.0,Semi-Furnished,Lajpat Nagar 2,15800000
139,850.0,2,2.0,Semi-Furnished,Lajpat Nagar 2,14600000
140,800.0,2,2.0,Unfurnished,Lajpat Nagar 2,14000000
141,1710.0,3,3.0,Semi-Furnished,Lajpat Nagar 2,26000000
142,1500.0,3,3.0,Semi-Furnished,Lajpat Nagar 2,26000000
143,850.0,2,2.0,Semi-Furnished,Lajpat Nagar 2,14600000
144,1575.0,3,3.0,Semi-Furnished,Lajpat Nagar 2,25500000
145,1675.0,3,3.0,Semi-Furnished,Lajpat Nagar 2,31000000
146,1350.0,3,3.0,Semi-Furnished,Lajpat Nagar 2,22000000
147,900.0,2,2.0,Semi-Furnished,Lajpat Nagar 2,13400000
148,900.0,2,2.0,Furnished,Lajpat Nagar 2,12500000
149,800.0,2,2.0,Unfurnished,Lajpat Nagar 2,14500000
150,810.0,2,2.0,Semi-Furnished,Lajpat Nagar 2,15500000
151,1500.0,3,3.0,Semi-Furnished,Lajpat Nagar 2,26000000
152,900.0,2,2.0,Semi-Furnished,Lajpat Nagar 2,15800000
153,825.0,2,2.0,Unfurnished,Lajpat Nagar 2,15000000
154,900.0,2,2.0,Unfurnished,Lajpat Nagar 2,13000000
155,875.0,2,2.0,Unfurnished,Lajpat Nagar 2,15000000
156,1350.0,3,3.0,Semi-Furnished,Lajpat Nagar 2,25000000
157,1800.0,3,3.0,Unfurnished,Lajpat Nagar 2,28500000
158,1450.0,3,3.0,Semi-Furnished,Lajpat Nagar 3,30000000
159,1260.0,3,3.0,Semi-Furnished,Lajpat Nagar 3,21000000
160,2925.0,4,4.0,Unfurnished,Lajpat Nagar 3,57500000
161,1600.0,3,3.0,Unfurnished,Lajpat Nagar 3,30000000
162,1500.0,3,3.0,Semi-Furnished,Lajpat Nagar 3,31500000
163,1450.0,3,3.0,Semi-Furnished,Lajpat Nagar 3,30000000
164,1260.0,3,3.0,Semi-Furnished,Lajpat Nagar 3,21000000
165,2925.0,4,4.0,Unfurnished,Lajpat Nagar 3,57500000
166,1710.0,3,3.0,Semi-Furnished,Lajpat Nagar 3,30000000
167,1600.0,3,3.0,Unfurnished,Lajpat Nagar 3,30000000
168,1500.0,3,3.0,Semi-Furnished,Lajpat Nagar 3,31500000
169,1710.0,3,3.0,Semi-Furnished,Lajpat Nagar 3,24800000
170,2880.0,4,5.0,Unfurnished,Lajpat Nagar 3,46000000
171,2700.0,4,4.0,Semi-Furnished,Lajpat Nagar 3,55000000
172,1400.0,3,3.0,Unfurnished,Lajpat Nagar 3,24500000
173,1400.0,3,3.0,Semi-Furnished,Lajpat Nagar 3,32500000
174,1000.0,2,2.0,Furnished,Lajpat Nagar 3,20000000
175,1000.0,2,2.0,Furnished,Lajpat Nagar 3,20000000
176,1600.0,3,3.0,Unfurnished,Lajpat Nagar 3,26000000
177,1350.0,3,3.0,Unfurnished,Lajpat Nagar 3,21000000
178,1700.0,3,3.0,Semi-Furnished,Lajpat Nagar 3,27500000
179,1400.0,3,3.0,Semi-Furnished,Lajpat Nagar 3,32500000
180,1350.0,3,3.0,Semi-Furnished,Lajpat Nagar 3,21000000
181,1700.0,3,3.0,Unfurnished,Lajpat Nagar 3,28000000
182,1600.0,3,3.0,Unfurnished,Lajpat Nagar 3,29500000
183,450.0,1,2.0,Unfurnished,Laxmi Nagar,2700000
184,1000.0,3,2.0,Unfurnished,Laxmi Nagar,6500000
185,1000.0,2,2.0,Unfurnished,Laxmi Nagar,7500000
186,900.0,3,2.0,Semi-Furnished,Laxmi Nagar,7000000
187,1700.0,4,3.0,Unfurnished,Laxmi Nagar,11500000
188,715.0,2,2.0,Unfurnished,Laxmi Nagar,5600000
189,900.0,3,2.0,Semi-Furnished,Laxmi Nagar,6000000
190,1000.0,3,2.0,Unfurnished,Laxmi Nagar,6000000
191,1000.0,2,2.0,Unfurnished,Laxmi Nagar,7500000
192,1000.0,2,2.0,Unfurnished,Laxmi Nagar,5000000
193,1000.0,3,2.0,Semi-Furnished,Mahavir Enclave Part 1,6200000
194,450.0,1,1.0,Semi-Furnished,Mahavir Enclave Part 1,2500000
195,950.0,3,2.0,Furnished,Mahavir Enclave Part 1,6000000
196,950.0,3,2.0,Unfurnished,Mahavir Enclave Part 1,5000000
197,420.0,1,1.0,Unfurnished,Mahavir Enclave Part 1,2300000
198,945.0,3,2.0,Semi-Furnished,Mahavir Enclave Part 1,5500000
199,850.0,2,2.0,Unfurnished,Malviya Nagar,8500000
200,750.0,2,2.0,Unfurnished,Malviya Nagar,11500000
201,800.0,2,2.0,Semi-Furnished,Malviya Nagar,12000000
202,700.0,2,2.0,Semi-Furnished,Malviya Nagar,9000000
203,1500.0,2,2.0,Semi-Furnished,Malviya Nagar,13000000
204,1300.0,3,3.0,Semi-Furnished,Malviya Nagar,10000000
205,1290.0,3,2.0,Semi-Furnished,Malviya Nagar,20000000
206,650.0,2,2.0,Semi-Furnished,Mehrauli,2750000
207,405.0,1,1.0,Semi-Furnished,Mehrauli,1500000
208,405.0,1,1.0,Furnished,Mehrauli,1800000
209,1350.0,3,3.0,Unfurnished,Mehrauli,8500000
210,1350.0,3,3.0,Unfurnished,Mehrauli,8500000
211,450.0,1,1.0,Unfurnished,Mehrauli,1700000
212,1050.0,3,2.0,Unfurnished,Mehrauli,5600000
213,1080.0,3,3.0,Unfurnished,Mehrauli,6000000
214,1350.0,3,3.0,Unfurnished,Mehrauli,8500000
215,855.0,2,2.0,Semi-Furnished,Mehrauli,4000000
216,1044.0983,3,2.0,Unfurnished,Mehrauli,6000000
217,405.0,1,1.0,Semi-Furnished,Mehrauli,1600000
218,500.0,1,2.0,Semi-Furnished,Mehrauli,2100000
219,450.0,1,1.0,Furnished,Mehrauli,1700000
220,600.0,2,2.0,Unfurnished,Mehrauli,3200000
221,4500.0,4,4.0,Semi-Furnished,New Friends Colony,75000000
222,1600.0,3,3.0,Semi-Furnished,New Friends Colony,40000000
223,3500.0,4,4.0,Unfurnished,New Friends Colony,90000000
224,2100.0,4,5.0,Semi-Furnished,New Friends Colony,56000000
225,3500.0,4,5.0,Semi-Furnished,New Friends Colony,58000000
226,2550.0,4,4.0,Unfurnished,New Friends Colony,60000000
227,2800.0,4,5.0,Semi-Furnished,New Friends Colony,75000000
228,1150.0,3,2.0,Semi-Furnished,"New Manglapuri, Sultanpur",6300000
229,450.0,1,1.0,Semi-Furnished,"New Manglapuri, Sultanpur",2350000
230,500.0,1,1.0,Furnished,"New Manglapuri, Sultanpur",2350000
231,700.0,2,2.0,Semi-Furnished,"New Manglapuri, Sultanpur",3500000
232,1600.0,3,3.0,Unfurnished,"New Manglapuri, Sultanpur",10800000
233,1600.0,3,3.0,Unfurnished,"New Manglapuri, Sultanpur",10800000
234,1700.0,3,3.0,Semi-Furnished,"New Manglapuri, Sultanpur",8500000
235,1100.0,3,2.0,Semi-Furnished,"New Manglapuri, Sultanpur",6000000
236,1000.0,3,3.0,Semi-Furnished,"New Manglapuri, Sultanpur",5500000
237,1350.0,3,2.0,Unfurnished,"New Moti Nagar, Kirti Nagar",18500000
238,1429.0,3,3.0,Unfurnished,"New Moti Nagar, Kirti Nagar",17500000
239,2430.0,4,5.0,Semi-Furnished,"New Moti Nagar, Kirti Nagar",42500000
240,900.0,3,2.0,Unfurnished,"New Moti Nagar, Kirti Nagar",8000000
241,1457.0,3,3.0,Unfurnished,"New Moti Nagar, Kirti Nagar",23000000
242,1400.0,3,2.0,Semi-Furnished,"New Moti Nagar, Kirti Nagar",17500000
243,2659.0,4,5.0,Unfurnished,"New Moti Nagar, Kirti Nagar",43500000
244,1550.0,3,2.0,Unfurnished,"New Moti Nagar, Kirti Nagar",19500000
245,1138.0,2,2.0,Semi-Furnished,"New Moti Nagar, Kirti Nagar",13500000
246,900.0,3,2.0,Semi-Furnished,Patel Nagar West,9500000
247,1680.0,4,5.0,Semi-Furnished,Patel Nagar West,20000000
248,900.0,2,2.0,Furnished,Patel Nagar West,7400000
249,900.0,3,2.0,Furnished,Patel Nagar West,10400000
250,950.0,2,2.0,Semi-Furnished,Patel Nagar West,8000000
251,1800.0,3,3.0,Unfurnished,Patel Nagar West,21100000
252,1500.0,3,3.0,Unfurnished,Patel Nagar West,12500000
253,1800.0,3,3.0,Semi-Furnished,Safdarjung Enclave,37500000
254,1500.0,3,3.0,Semi-Furnished,Safdarjung Enclave,37500000
255,2100.0,4,4.0,Semi-Furnished,Safdarjung Enclave,55000000
256,2035.0,4,4.0,Unfurnished,Safdarjung Enclave,65000000
257,1550.0,3,3.0,Semi-Furnished,Safdarjung Enclave,38000000
258,700.0,2,2.0,Unfurnished,Safdarjung Enclave,15000000
259,4000.0,4,4.0,Semi-Furnished,Safdarjung Enclave,72500000
260,5500.0,6,7.0,Furnished,Safdarjung Enclave,160000000
261,972.0,2,2.0,Semi-Furnished,Safdarjung Enclave,17000000
262,4150.0,4,4.0,Unfurnished,Safdarjung Enclave,82500000
263,2250.0,4,5.0,Semi-Furnished,Safdarjung Enclave,55000000
264,1650.0,3,3.0,Semi-Furnished,Safdarjung Enclave,35000000
265,1700.0,4,5.0,Unfurnished,Safdarjung Enclave,52500000
266,4200.0,4,5.0,Semi-Furnished,Safdarjung Enclave,74000000
267,1700.0,4,3.0,Semi-Furnished,Saket,29500000
268,2100.0,4,3.0,Furnished,Saket,25500000
269,2050.0,4,4.0,Semi-Furnished,Saket,47500000
270,1500.0,3,2.0,Semi-Furnished,Saket,28500000
271,2025.0,4,3.0,Furnished,Saket,30500000
272,1300.0,3,3.0,Semi-Furnished,Saket,22500000
273,2100.0,3,4.0,Semi-Furnished,Saket,25000000
274,2250.0,4,4.0,Semi-Furnished,Saket,33700000
275,1500.0,3,3.0,Semi-Furnished,Saket,27000000
276,2700.0,4,4.0,Semi-Furnished,Saket,43500000
277,1700.0,3,3.0,Semi-Furnished,Saket,30000000
278,1800.0,3,3.0,Unfurnished,Saket,32500000
279,1500.0,3,2.0,Semi-Furnished,Saket,20500000
280,2000.0,4,3.0,Semi-Furnished,Saket,25000000
281,1500.0,3,3.0,Semi-Furnished,Saket,30000000
282,2475.0,4,4.0,Semi-Furnished,Saket,31000000
283,1600.0,3,3.0,Semi-Furnished,Sheikh Sarai Phase 1,21000000
284,1600.0,3,3.0,Semi-Furnished,Sheikh Sarai Phase 1,22500000
285,1800.0,3,4.0,Semi-Furnished,Sheikh Sarai Phase 1,19000000
286,1600.0,3,4.0,Unfurnished,Sheikh Sarai Phase 1,18800000
287,1300.0,2,2.0,Semi-Furnished,Sheikh Sarai Phase 1,16000000
288,1350.0,3,3.0,Unfurnished,Sheikh Sarai Phase 1,20000000
289,1650.0,3,3.0,Semi-Furnished,Sheikh Sarai Phase 1,22500000
290,1250.0,2,1.0,Semi-Furnished,Sheikh Sarai Phase 1,17500000
291,1500.0,3,3.0,Semi-Furnished,Sheikh Sarai Phase 1,22500000
292,1100.0,2,2.0,Semi-Furnished,Sheikh Sarai Phase 1,12500000
293,1400.0,3,2.0,Semi-Furnished,Sheikh Sarai Phase 1,19000000
294,1300.0,2,2.0,Semi-Furnished,Sheikh Sarai Phase 1,15500000
295,1100.0,2,2.0,Semi-Furnished,Sheikh Sarai Phase 1,13500000
296,1600.0,3,3.0,Semi-Furnished,Sheikh Sarai Phase 1,21000000
297,2210.0,4,3.0,Semi-Furnished,"Sukhdev Vihar, Okhla",41000000
298,900.0,2,2.0,Unfurnished,"Sukhdev Vihar, Okhla",11000000
299,1000.0,2,2.0,Unfurnished,"Sukhdev Vihar, Okhla",11700000
300,1500.0,3,2.0,Semi-Furnished,"Sukhdev Vihar, Okhla",16000000
301,2907.0,4,4.0,Semi-Furnished,"Sukhdev Vihar, Okhla",30000000
302,2210.0,4,3.0,Semi-Furnished,"Sukhdev Vihar, Okhla",41000000
303,1100.0,3,3.0,Semi-Furnished,"Sukhdev Vihar, Okhla",12500000
304,810.0,2,2.0,Semi-Furnished,"Sukhdev Vihar, Okhla",14500000
305,3150.0,4,5.0,Semi-Furnished,"Sukhdev Vihar, Okhla",61500000
306,2000.0,4,4.0,Semi-Furnished,"Sukhdev Vihar, Okhla",27500000
307,1252.0,2,2.0,Semi-Furnished,"The Amaryllis, Karol Bagh",18500000
308,2000.0,4,4.0,Semi-Furnished,"The Amaryllis, Karol Bagh",39700000
309,987.0,2,2.0,Semi-Furnished,"The Amaryllis, Karol Bagh",17000000
310,2805.0,4,4.0,Unfurnished,"The Amaryllis, Karol Bagh",52300000
311,1200.0,3,2.0,Semi-Furnished,"The Amaryllis, Karol Bagh",20900000
312,2200.0,3,3.0,Semi-Furnished,"The Amaryllis, Karol Bagh",43100000
313,900.0,2,2.0,Semi-Furnished,Vasundhara Enclave,8000000
314,1500.0,3,3.0,Semi-Furnished,Vasundhara Enclave,12000000
315,1050.0,2,2.0,Semi-Furnished,Vasundhara Enclave,9000000
316,1100.0,2,2.0,Semi-Furnished,Vasundhara Enclave,10000000
317,950.0,2,2.0,Unfurnished,Vasundhara Enclave,8100000
318,1459.0,3,3.0,Semi-Furnished,Vasundhara Enclave,14200000
319,780.0,2,2.0,Semi-Furnished,Vasundhara Enclave,7500000
320,1460.0,3,3.0,Unfurnished,Vasundhara Enclave,12000000
321,750.0,1,2.0,Semi-Furnished,"Yamuna Vihar, Shahdara",6400000
322,747.0,2,2.0,Furnished,"Yamuna Vihar, Shahdara",6500000
323,720.0,2,1.0,Unfurnished,"Yamuna Vihar, Shahdara",4000000
324,376.7365,1,1.0,Semi-Furnished,"Yamuna Vihar, Shahdara",3000000
325,713.0,2,2.0,Semi-Furnished,"Yamuna Vihar, Shahdara",6000000
326,360.0,1,1.0,Unfurnished,"Yamuna Vihar, Shahdara",2500000
327,900.0,2,2.0,Semi-Furnished,"Yamuna Vihar, Shahdara",6500000
328,2430.0,4,3.0,Furnished,"Yamuna Vihar, Shahdara",25000000
329,2970.0,7,4.0,Furnished,"Yamuna Vihar, Shahdara",26500000
330,2250.0,3,2.0,Furnished,"Yamuna Vihar, Shahdara",18500000
331,1500.0,5,3.0,Furnished,"Yamuna Vihar, Shahdara",30000000
332,1512.0,2,2.0,Furnished,"Yamuna Vihar, Shahdara",22000000
333,950.0,2,2.0,Furnished,other,15500000
334,600.0,2,2.0,Semi-Furnished,other,4200000
335,650.0,2,2.0,Semi-Furnished,other,6200000
336,1300.0,4,3.0,Semi-Furnished,other,15500000
337,1350.0,4,3.0,Semi-Furnished,other,10000000
338,650.0,2,2.0,Semi-Furnished,other,4000000
339,985.0,3,3.0,Unfurnished,other,6800000
340,1300.0,4,4.0,Semi-Furnished,other,15000000
341,1100.0,3,2.0,Semi-Furnished,other,6200000
342,630.0,2,2.0,Semi-Furnished,other,5500000
343,660.0,2,2.0,Semi-Furnished,other,5000000
344,660.0,2,2.0,Semi-Furnished,other,4700000
345,650.0,2,2.0,Semi-Furnished,other,6000000
346,850.0,2,2.0,Semi-Furnished,other,11000000
347,430.556,1,1.0,Furnished,other,5300000
348,900.0,2,2.0,Semi-Furnished,other,10500000
349,914.9315,2,2.0,Semi-Furnished,other,12000000
350,1100.0,3,3.0,Furnished,other,7000000
351,500.0,1,1.0,Semi-Furnished,other,3400000
352,2160.0,4,4.0,Furnished,other,21000000
353,800.0,2,2.0,Unfurnished,other,15000000
354,900.0,2,2.0,Unfurnished,other,10500000
355,750.0,2,2.0,Unfurnished,other,13600000
356,900.0,2,2.0,Semi-Furnished,other,13500000
357,810.0,2,2.0,Semi-Furnished,other,8910000
358,1350.0,3,4.0,Unfurnished,other,25000000
359,1650.0,3,3.0,Semi-Furnished,other,30000000
360,1280.0,2,2.0,Furnished,other,12500000
361,1130.0,2,2.0,Unfurnished,other,7800000
362,600.0,2,2.0,Semi-Furnished,other,11500000
363,850.0,2,2.0,Semi-Furnished,other,11500000
364,900.0,2,2.0,Semi-Furnished,other,13000000
365,900.0,2,2.0,Unfurnished,other,10000000
366,1143.0,3,3.0,Unfurnished,other,22000000
367,890.0,2,2.0,Semi-Furnished,other,8300000
368,750.0,1,1.0,Furnished,other,4600000
369,1500.0,3,2.0,Unfurnished,other,17400000
370,1200.0,3,3.0,Semi-Furnished,other,15500000
371,1700.0,3,2.0,Semi-Furnished,other,17200000
372,1550.0,3,2.0,Furnished,other,14200000
373,1400.0,3,3.0,Semi-Furnished,other,13500000
374,1900.0,4,4.0,Semi-Furnished,other,30000000
375,2160.0,4,3.0,Unfurnished,other,21000000
376,1700.0,4,3.0,Unfurnished,other,20500000
377,1850.0,3,4.0,Semi-Furnished,other,24000000
378,1800.0,4,2.0,Semi-Furnished,other,16500000
379,1620.0,3,2.0,Semi-Furnished,other,14900000
380,1800.0,4,3.0,Furnished,other,19200000
381,1540.0,3,3.0,Semi-Furnished,other,14500000
382,1600.0,3,3.0,Semi-Furnished,other,15600000
383,1400.0,3,2.0,Unfurnished,other,11400000
384,2300.0,4,4.0,Furnished,other,31500000
385,1560.0,3,2.0,Furnished,other,15800000
386,1500.0,3,3.0,Semi-Furnished,other,16000000
387,1540.0,3,3.0,Semi-Furnished,other,14500000
388,1050.0,2,2.0,Unfurnished,other,10500000
389,1800.0,3,2.0,Semi-Furnished,other,14800000
390,1150.0,3,2.0,Semi-Furnished,other,6800000
391,1525.0,3,3.0,Semi-Furnished,other,14200000
392,750.0,2,2.0,Semi-Furnished,other,11500000
393,900.0,2,2.0,Unfurnished,other,6300000
394,900.0,2,1.0,Furnished,other,11000000
395,666.0,1,2.0,Furnished,other,3500000
396,1000.0,2,2.0,Semi-Furnished,other,7600000
397,1360.0,4,3.0,Semi-Furnished,other,13500000
398,1550.0,4,3.0,Semi-Furnished,other,12500000
399,2170.0,4,4.0,Unfurnished,other,22000000
400,950.0,3,2.0,Semi-Furnished,other,7600000
401,2300.0,4,4.0,Semi-Furnished,other,20000000
402,1300.0,4,4.0,Semi-Furnished,other,15000000
403,1100.0,3,2.0,Semi-Furnished,other,6200000
404,1030.0,3,2.0,Furnished,other,6200000
405,350.0,1,1.0,Semi-Furnished,other,2300000
406,1500.0,3,2.0,Unfurnished,other,17400000
407,2900.0,5,5.0,Furnished,other,51000000
408,1000.0,3,2.0,Semi-Furnished,other,5510000
409,1200.0,3,3.0,Semi-Furnished,other,15500000
410,1700.0,3,2.0,Semi-Furnished,other,17200000
411,1100.0,2,2.0,Semi-Furnished,other,15000000
412,1550.0,4,3.0,Semi-Furnished,other,13000000
413,1600.0,3,3.0,Semi-Furnished,other,30000000
414,3510.0,4,4.0,Semi-Furnished,other,45000000
415,4300.0,4,4.0,Unfurnished,other,60000000
417,4800.0,3,4.0,Semi-Furnished,other,85000000
418,2070.0,3,3.0,Semi-Furnished,other,37500000
419,3500.0,3,3.0,Unfurnished,other,45000000
420,2800.0,6,4.0,Semi-Furnished,other,29500000
421,2700.0,4,4.0,Semi-Furnished,other,52500000
422,7200.0,4,4.0,Semi-Furnished,other,120000000
423,700.0,2,2.0,Unfurnished,other,4600000
424,750.0,2,2.0,Semi-Furnished,other,9200000
425,1350.0,4,3.0,Unfurnished,other,9500000
426,970.0,3,2.0,Semi-Furnished,other,6500000
427,1000.0,3,2.0,Furnished,other,5650000
428,1425.0,3,3.0,Semi-Furnished,other,9300000
429,1017.0,2,2.0,Furnished,other,6500000
430,650.0,2,2.0,Semi-Furnished,other,5800000
431,950.0,3,2.0,Semi-Furnished,other,5500000
432,750.0,2,2.0,Unfurnished,other,4500000
433,1350.0,4,3.0,Semi-Furnished,other,11300000
434,1300.0,4,3.0,Furnished,other,11500000
435,900.0,3,2.0,Semi-Furnished,other,6000000
436,1050.0,3,2.0,Semi-Furnished,other,9000000
437,850.0,2,2.0,Furnished,other,4500000
438,1650.0,4,3.0,Furnished,other,14000000
439,1150.0,2,2.0,Semi-Furnished,other,7300000
440,1053.0,3,2.0,Furnished,other,7000000
441,850.0,2,2.0,Furnished,other,4500000
442,1000.0,3,3.0,Furnished,other,12500000
443,1000.0,3,2.0,Semi-Furnished,other,5510000
444,1200.0,4,3.0,Semi-Furnished,other,6800000
445,1000.0,3,2.0,Semi-Furnished,other,6200000
446,729.0,2,2.0,Semi-Furnished,other,4800000
447,360.0,1,1.0,Semi-Furnished,other,2000000
448,1001.0,3,2.0,Furnished,other,5800000
449,2000.0,3,3.0,Semi-Furnished,other,37500000
450,1530.0,3,3.0,Semi-Furnished,other,26500000
451,1800.0,3,3.0,Semi-Furnished,other,27000000
452,1782.0,3,3.0,Semi-Furnished,other,15000000
453,2000.0,4,4.0,Unfurnished,other,36500000
454,1200.0,3,2.0,Semi-Furnished,other,20000000
455,1100.0,2,2.0,Semi-Furnished,other,15000000
456,1400.0,3,2.0,Semi-Furnished,other,25000000
457,1600.0,3,2.0,Semi-Furnished,other,18500000
458,1600.0,4,3.0,Unfurnished,other,23500000
459,600.0,1,1.0,Semi-Furnished,other,8000000
460,1600.0,3,2.0,Unfurnished,other,23000000
461,2000.0,3,3.0,Unfurnished,other,31000000
462,650.0,1,2.0,Semi-Furnished,other,7400000
463,1100.0,2,2.0,Unfurnished,other,15500000
464,1075.0,2,2.0,Semi-Furnished,other,12000000
465,1450.0,3,2.0,Semi-Furnished,other,23500000
466,600.0,1,2.0,Unfurnished,other,7000000
467,1000.0,2,2.0,Unfurnished,other,17500000
468,1600.0,3,2.0,Semi-Furnished,other,25000000
469,1750.0,4,4.0,Unfurnished,other,29000000
470,1300.0,3,3.0,Semi-Furnished,other,21900000
471,550.0,1,2.0,Furnished,other,7500000
472,2200.0,4,3.0,Semi-Furnished,other,23500000
473,1700.0,3,2.0,Semi-Furnished,other,31000000
474,1100.0,2,2.0,Semi-Furnished,other,16500000
475,1350.0,3,2.0,Furnished,other,24000000
476,1184.0,2,2.0,Semi-Furnished,other,17000000
477,3500.0,4,4.0,Semi-Furnished,other,22500000
478,1500.0,3,2.0,Unfurnished,other,17400000
479,2900.0,5,5.0,Furnished,other,51000000
480,1000.0,3,2.0,Semi-Furnished,other,5510000
481,1200.0,3,3.0,Semi-Furnished,other,15500000
482,1700.0,3,2.0,Semi-Furnished,other,17200000
483,1100.0,2,2.0,Semi-Furnished,other,15000000
484,1550.0,4,3.0,Semi-Furnished,other,13000000
485,1600.0,3,3.0,Semi-Furnished,other,30000000
486,1350.0,3,3.0,Semi-Furnished,other,25000000
487,1250.0,2,1.0,Semi-Furnished,other,7500000
488,1800.0,4,2.0,Furnished,other,17500000
489,1800.0,4,3.0,Furnished,other,35000000
490,1530.0,5,2.0,Furnished,other,10200000
491,1750.0,4,4.0,Unfurnished,other,29000000
492,380.0,1,1.0,Unfurnished,other,2200000
493,900.0,2,1.0,Semi-Furnished,other,6200000
494,1650.0,4,3.0,Furnished,other,14000000
495,1350.0,3,2.0,Unfurnished,other,19000000
496,1800.0,3,3.0,Semi-Furnished,other,23000000
497,1500.0,3,2.0,Semi-Furnished,other,21500000
498,1800.0,4,4.0,Semi-Furnished,other,12500000
499,1700.0,3,3.0,Semi-Furnished,other,29000000
500,540.0,1,1.0,Unfurnished,other,3000000
501,810.0,2,2.0,Semi-Furnished,other,8500000
502,3250.0,4,4.0,Semi-Furnished,other,55000000
503,900.0,3,3.0,Semi-Furnished,other,12500000
504,2610.0,4,4.0,Semi-Furnished,other,42500000
505,600.0,2,2.0,Semi-Furnished,other,4700000
506,1620.0,3,3.0,Semi-Furnished,other,26000000
507,1078.0,3,2.0,Unfurnished,other,15500000
508,1710.0,3,3.0,Unfurnished,other,22000000
509,1150.0,3,3.0,Semi-Furnished,other,21000000
510,1818.0,3,3.0,Unfurnished,other,22000000
511,1800.0,3,2.0,Unfurnished,other,26500000
512,780.0,2,2.0,Unfurnished,other,8770000
513,405.0,1,1.0,Semi-Furnished,other,4500000
514,900.0,2,3.0,Semi-Furnished,other,8500000
515,807.2925,2,2.0,Unfurnished,other,8600000
516,2700.0,4,3.0,Semi-Furnished,other,42500000
517,1100.0,3,2.0,Semi-Furnished,other,13100000
518,2152.78,3,3.0,Furnished,other,30000000
519,960.0,2,2.0,Semi-Furnished,other,13000000
520,1800.0,4,3.0,Unfurnished,other,23100000
521,1100.0,3,2.0,Semi-Furnished,other,16000000
522,900.0,2,2.0,Unfurnished,other,12500000
523,1620.0,3,3.0,Furnished,other,24500000
524,378.0,1,1.0,Unfurnished,other,3200000
525,1350.0,3,3.0,Semi-Furnished,other,15000000
526,1580.0,3,2.0,Furnished,other,21000000
527,820.0,2,3.0,Unfurnished,other,7500000
528,1500.0,3,2.0,Semi-Furnished,other,18000000
529,1600.0,3,3.0,Semi-Furnished,other,15600000
530,1650.0,3,3.0,Semi-Furnished,other,15500000
531,1600.0,3,3.0,Semi-Furnished,other,15200000
532,1900.0,3,3.0,Furnished,other,25000000
533,1400.0,3,2.0,Furnished,other,15000000
534,1550.0,3,2.0,Semi-Furnished,other,15800000
535,2000.0,4,3.0,Furnished,other,31500000
536,1500.0,3,3.0,Semi-Furnished,other,14000000
537,1550.0,3,2.0,Semi-Furnished,other,13200000
538,1600.0,3,2.0,Semi-Furnished,other,15800000
539,1600.0,3,3.0,Unfurnished,other,16200000
540,1800.0,3,2.0,Semi-Furnished,other,15500000
541,1470.0,3,2.0,Semi-Furnished,other,14500000
542,1500.0,3,2.0,Semi-Furnished,other,14900000
543,1750.0,3,3.0,Furnished,other,17200000
544,1650.0,3,3.0,Furnished,other,18000000
545,1850.0,3,2.0,Semi-Furnished,other,15500000
546,1480.0,3,2.0,Furnished,other,15800000
547,1214.0,2,2.0,Furnished,other,12600000
548,1380.0,3,2.0,Semi-Furnished,other,15000000
549,1600.0,4,2.0,Furnished,other,19500000
550,1585.0,3,3.0,Semi-Furnished,other,16600000
551,1700.0,3,3.0,Semi-Furnished,other,17200000
552,1200.0,2,2.0,Semi-Furnished,other,13000000
553,1800.0,4,3.0,Semi-Furnished,other,16500000
554,1000.0,2,2.0,Semi-Furnished,other,10700000
555,1500.0,3,2.0,Furnished,other,16200000
556,1700.0,3,2.0,Furnished,other,16500000
557,1750.0,3,2.0,Furnished,other,14900000
558,2700.0,4,3.0,Furnished,other,27500000
559,2500.0,4,5.0,Semi-Furnished,other,42500000
560,2525.0,4,5.0,Semi-Furnished,other,43200000
561,2022.0,3,3.0,Semi-Furnished,other,38000000
562,2650.0,4,5.0,Furnished,other,52500000
563,2552.0,4,5.0,Furnished,other,42500000
564,3112.0,5,6.0,Semi-Furnished,other,60000000
565,2125.0,3,3.0,Semi-Furnished,other,36500000
566,1455.0,2,2.0,Semi-Furnished,other,27500000
567,1815.0,3,3.0,Semi-Furnished,other,32500000
568,980.0,2,2.0,Semi-Furnished,other,13800000
569,1350.0,3,3.0,Semi-Furnished,other,21000000
570,1800.0,3,3.0,Semi-Furnished,other,22500000
571,968.751,2,2.0,Semi-Furnished,other,15000000
572,1250.0,3,3.0,Semi-Furnished,other,20000000
573,1800.0,3,3.0,Furnished,other,20000000
574,1400.0,3,2.0,Semi-Furnished,other,26000000
575,1000.0,3,3.0,Semi-Furnished,other,19500000
576,1800.0,4,2.0,Semi-Furnished,other,21500000
577,1600.0,3,3.0,Semi-Furnished,other,20000000
578,1400.0,3,3.0,Furnished,other,18000000
579,2700.0,4,4.0,Unfurnished,other,36500000
580,1500.0,3,3.0,Semi-Furnished,other,21000000
581,1300.0,3,3.0,Unfurnished,other,19000000
582,1150.0,2,2.0,Unfurnished,other,16500000
583,1400.0,2,2.0,Unfurnished,other,16500000
584,1300.0,2,2.0,Semi-Furnished,other,15000000
585,1200.0,2,2.0,Unfurnished,other,14300000
586,1300.0,3,2.0,Unfurnished,other,18500000
587,1400.0,3,3.0,Furnished,other,19000000
588,1500.0,3,2.0,Semi-Furnished,other,13500000
589,1600.0,4,2.0,Semi-Furnished,other,15800000
590,1600.0,4,2.0,Semi-Furnished,other,15500000
591,1000.0,2,2.0,Furnished,other,13000000
592,1500.0,3,3.0,Furnished,other,17000000
593,1150.0,2,2.0,Furnished,other,13100000
594,1800.0,4,4.0,Furnished,other,12000000
595,1300.0,3,3.0,Furnished,other,20000000
596,1150.0,2,2.0,Unfurnished,other,13500000
597,1500.0,3,2.0,Unfurnished,other,14000000
598,1150.0,2,2.0,Semi-Furnished,other,10800000
599,1000.0,3,3.0,Semi-Furnished,other,5500000
600,1350.0,3,3.0,Semi-Furnished,other,8500000
601,1200.0,2,2.0,Semi-Furnished,other,10000000
602,800.0,2,2.0,Semi-Furnished,other,5000000
603,750.0,2,2.0,Semi-Furnished,other,4500000
604,750.0,2,2.0,Unfurnished,other,4000000
605,900.0,3,2.0,Semi-Furnished,other,9000000
606,1000.0,3,2.0,Semi-Furnished,other,7000000
607,1100.0,3,2.0,Furnished,other,6000000
608,600.0,2,2.0,Unfurnished,other,4500000
609,1800.0,4,4.0,Semi-Furnished,other,12500000
610,1300.0,3,3.0,Semi-Furnished,other,7000000
611,1170.0,3,3.0,Unfurnished,other,7200000
612,1500.0,3,3.0,Semi-Furnished,other,8400000
613,1100.0,3,2.0,Unfurnished,other,6500000
614,1000.0,2,2.0,Semi-Furnished,other,6500000
615,350.0,1,1.0,Unfurnished,other,2500000
616,365.0,1,1.0,Unfurnished,other,3500000
617,350.0,1,1.0,Unfurnished,other,3000000
618,437.0,1,1.0,Furnished,other,3500000
619,3600.0,4,4.0,Semi-Furnished,other,60000000
620,900.0,3,2.0,Semi-Furnished,other,6200000
621,900.0,2,3.0,Semi-Furnished,other,12500000
622,1700.0,3,3.0,Unfurnished,other,30000000
623,750.0,2,1.0,Unfurnished,other,7350000
624,1500.0,4,1.0,Unfurnished,other,12500000
625,1000.0,3,2.0,Furnished,other,9200000
626,1700.0,3,2.0,Furnished,other,17000000
627,750.0,2,1.0,Semi-Furnished,other,6500000
628,1080.0,3,1.0,Unfurnished,other,7000000
629,350.0,1,1.0,Unfurnished,other,4200000
630,350.0,1,1.0,Unfurnished,other,3000000
631,430.556,1,1.0,Unfurnished,other,4300000
632,1000.0,3,3.0,Furnished,other,9500000
633,1600.0,3,2.0,Semi-Furnished,other,17000000
634,1300.0,3,2.0,Semi-Furnished,other,11500000
635,1600.0,4,3.0,Furnished,other,20000000
636,900.0,2,2.0,Semi-Furnished,other,8550000
637,1350.0,4,4.0,Semi-Furnished,other,10500000
638,1000.0,3,2.0,Furnished,other,12000000
639,1400.0,3,2.0,Unfurnished,other,11000000
640,900.0,2,2.0,Unfurnished,other,9000000
641,1000.0,2,2.0,Semi-Furnished,other,7500000
642,1100.0,2,2.0,Semi-Furnished,other,9500000
643,1450.0,3,2.0,Furnished,other,14000000
644,1450.0,3,3.0,Semi-Furnished,other,11600000
645,1300.0,3,2.0,Semi-Furnished,other,9800000
646,1350.0,3,3.0,Semi-Furnished,other,12000000
647,1200.0,3,2.0,Semi-Furnished,other,12500000
648,1460.0,3,3.0,Semi-Furnished,other,16500000
649,1500.0,3,3.0,Furnished,other,15000000
650,1050.0,2,2.0,Semi-Furnished,other,10000000
651,1350.0,3,3.0,Semi-Furnished,other,11000000
652,1500.0,2,2.0,Furnished,other,24700000
653,1531.0,2,2.0,Unfurnished,other,25900000
654,900.0,3,2.0,Furnished,other,5500000
655,1512.0,2,2.0,Unfurnished,other,30000000
656,1260.0,3,2.0,Semi-Furnished,other,7000000
657,1500.0,3,3.0,Unfurnished,other,16000000
658,1280.0,3,3.0,Furnished,other,15000000
659,675.0,2,2.0,Semi-Furnished,other,10000000
660,1206.0,3,3.0,Semi-Furnished,other,20000000
661,1143.0,2,2.0,Unfurnished,other,16000000
662,345.0,1,1.0,Semi-Furnished,other,5500000
663,720.0,2,1.0,Semi-Furnished,other,7000000
664,1600.0,3,3.0,Semi-Furnished,other,24000000
665,950.0,2,2.0,Furnished,other,12500000
666,1200.0,3,2.0,Semi-Furnished,other,14500000
667,1240.0,3,3.0,Unfurnished,other,18000000
669,600.0,1,1.0,Unfurnished,other,7000000
670,1100.0,3,2.0,Semi-Furnished,other,6000000
671,650.0,2,2.0,Unfurnished,other,3800000
672,630.0,2,2.0,Semi-Furnished,other,4600000
673,2592.0,4,3.0,Unfurnished,other,42500000
674,1700.0,3,3.0,Semi-Furnished,other,23000000
675,1640.0,3,3.0,Unfurnished,other,12000000
676,2572.0,3,3.0,Furnished,other,35000000
677,2100.0,3,3.0,Semi-Furnished,other,25000000
678,1620.0,3,3.0,Semi-Furnished,other,29000000
679,2250.0,3,3.0,Semi-Furnished,other,20500000
680,2250.0,4,4.0,Unfurnished,other,37500000
681,800.0,2,2.0,Semi-Furnished,other,7500000
682,1440.0,3,3.0,Unfurnished,other,24500000
683,5220.0,5,5.0,Unfurnished,other,65000000
684,1800.0,3,3.0,Semi-Furnished,other,27500000
685,807.2925,2,1.0,Semi-Furnished,other,8000000
686,1000.0,2,2.0,Semi-Furnished,other,7800000
687,900.0,2,2.0,Semi-Furnished,other,15000000
688,1800.0,3,3.0,Furnished,other,27500000
689,2340.0,4,4.0,Semi-Furnished,other,26000000
690,1350.0,3,3.0,Unfurnished,other,23500000
691,954.0,2,2.0,Unfurnished,other,10000000
692,1155.0,2,2.0,Semi-Furnished,other,18500000
693,980.0,2,2.0,Semi-Furnished,other,13800000
694,1350.0,3,3.0,Semi-Furnished,other,21000000
695,1800.0,3,3.0,Semi-Furnished,other,22500000
696,968.751,2,2.0,Semi-Furnished,other,15000000
697,1250.0,3,3.0,Semi-Furnished,other,20000000
698,1800.0,3,3.0,Furnished,other,20000000
699,1400.0,3,2.0,Semi-Furnished,other,26000000
700,1000.0,3,3.0,Semi-Furnished,other,19500000
701,1800.0,4,2.0,Semi-Furnished,other,21500000
702,1600.0,3,3.0,Semi-Furnished,other,20000000
703,1400.0,3,3.0,Furnished,other,18000000
704,2700.0,4,4.0,Unfurnished,other,36500000
705,1500.0,3,3.0,Semi-Furnished,other,21000000
706,1300.0,3,3.0,Unfurnished,other,19000000
707,1150.0,2,2.0,Unfurnished,other,16500000
708,1400.0,2,2.0,Unfurnished,other,16500000
709,1300.0,2,2.0,Semi-Furnished,other,15000000
710,1200.0,2,2.0,Unfurnished,other,14300000
711,1300.0,3,2.0,Unfurnished,other,18500000
712,1400.0,3,3.0,Furnished,other,19000000
713,700.0,2,2.0,Semi-Furnished,other,3800000
714,900.0,3,3.0,Semi-Furnished,other,7000000
715,1260.0,3,3.0,Semi-Furnished,other,16500000
716,950.0,3,2.0,Semi-Furnished,other,8000000
717,405.0,1,1.0,Unfurnished,other,5600000
718,1800.0,2,2.0,Furnished,other,21000000
719,1300.0,3,3.0,Semi-Furnished,other,21000000
720,1000.0,3,3.0,Semi-Furnished,other,8600000
721,900.0,3,2.0,Semi-Furnished,other,6600000
722,1800.0,3,3.0,Semi-Furnished,other,14000000
723,720.0,2,2.0,Unfurnished,other,4700000
724,1600.0,3,3.0,Semi-Furnished,other,26000000
725,1200.0,2,2.0,Furnished,other,18500000
726,900.0,2,2.0,Semi-Furnished,other,6500000
727,900.0,2,2.0,Unfurnished,other,15000000
728,800.0,2,2.0,Semi-Furnished,other,8000000
729,1150.0,2,3.0,Semi-Furnished,other,16100000
730,900.0,3,3.0,Semi-Furnished,other,6800000
731,1070.0,3,2.0,Furnished,other,6800000
732,1050.0,2,2.0,Unfurnished,other,9000000
733,1000.0,2,2.0,Semi-Furnished,other,18000000
734,1550.0,3,3.0,Unfurnished,other,27500000
735,1300.0,3,2.0,Unfurnished,other,13500000
736,810.0,2,2.0,Semi-Furnished,other,14000000
737,900.0,2,2.0,Furnished,other,9000000
738,1200.0,2,2.0,Unfurnished,other,16000000
739,1000.0,2,3.0,Semi-Furnished,other,11000000
740,720.0,2,2.0,Unfurnished,other,5500000
741,2000.0,3,3.0,Unfurnished,other,37500000
742,1100.0,3,3.0,Unfurnished,other,18500000
743,4500.0,4,5.0,Semi-Furnished,other,85000000
744,3600.0,4,4.0,Semi-Furnished,other,65000000
745,1980.0,3,4.0,Unfurnished,other,35000000
746,1250.0,3,3.0,Semi-Furnished,other,24000000
747,1200.0,3,3.0,Semi-Furnished,other,22200000
748,2430.0,4,4.0,Furnished,other,30000000
749,1350.0,3,2.0,Semi-Furnished,other,17500000
750,1800.0,3,3.0,Semi-Furnished,other,26000000
751,990.0,2,2.0,Unfurnished,other,11500000
